Date,Time,CPU (%),RAM (%)
2025-04-28,19:50:19,0.0,19.4
2025-04-28,19:50:29,4.7,19.4
2025-04-28,19:50:39,0.9,19.3
2025-04-28,19:50:49,0.5,19.3
2025-04-28,19:50:59,0.5,19.3
2025-04-28,19:51:09,0.5,19.3
2025-04-28,19:51:19,0.4,19.3
2025-04-28,19:51:29,5.7,27.7
2025-04-28,19:51:39,87.2,51.5
2025-04-28,19:51:49,87.0,51.3
2025-04-28,19:51:59,87.0,51.3
2025-04-28,19:52:09,87.3,51.2
2025-04-28,19:52:19,87.2,51.2
2025-04-28,19:52:29,83.8,51.0
2025-04-28,19:52:39,51.5,72.4
2025-04-28,19:52:49,55.1,72.2
2025-04-28,19:52:59,55.3,72.2
2025-04-28,19:53:09,55.2,72.3
2025-04-28,19:53:19,55.8,72.3
2025-04-28,19:53:29,55.9,72.3
2025-04-28,19:53:39,50.1,46.0
2025-04-28,19:53:49,76.4,45.7
2025-04-28,19:53:59,76.3,45.6
2025-04-28,19:54:09,76.2,45.6
2025-04-28,19:54:19,63.4,18.4
2025-04-28,19:54:29,3.7,18.4
2025-04-28,19:54:39,4.8,18.5
2025-04-28,19:54:49,4.5,18.5
2025-04-28,19:54:59,1.8,18.5
2025-04-28,19:55:09,5.0,18.9
2025-04-28,19:55:19,4.5,18.1
2025-04-28,19:55:29,5.7,17.9
2025-04-28,19:55:39,6.5,18.3
2025-04-28,19:55:49,5.0,18.8
2025-04-28,19:55:59,2.2,18.4
2025-04-28,19:56:09,5.9,18.5
2025-04-28,19:56:19,9.0,18.9
2025-04-28,19:56:29,3.0,18.7
2025-04-28,19:56:39,3.8,18.5
2025-04-28,19:56:49,6.0,18.6
2025-04-28,19:56:59,7.9,18.7
2025-04-28,19:57:09,2.7,17.4
2025-04-28,19:57:19,7.8,17.7
2025-04-28,19:57:29,2.0,17.5
2025-04-28,19:57:39,0.9,17.5
2025-04-28,19:57:49,1.8,17.5
2025-04-28,19:57:59,3.9,17.4
2025-04-28,19:58:09,1.8,17.4
2025-04-28,19:58:19,6.7,19.4
2025-04-28,19:58:29,4.1,18.8
2025-04-28,19:58:39,4.9,18.7
2025-04-28,19:58:49,0.9,18.7
2025-04-28,19:58:59,1.0,18.1
2025-04-28,19:59:09,9.0,18.8
2025-04-28,19:59:19,4.1,18.6
2025-04-28,19:59:29,0.5,18.5
2025-04-28,19:59:39,0.5,18.1
2025-04-28,19:59:49,0.6,18.0
2025-04-28,19:59:59,0.5,18.0
2025-04-28,20:00:09,0.6,18.0
2025-04-28,20:00:19,0.6,18.0
2025-04-28,20:00:29,0.6,18.0
2025-04-28,20:00:39,0.5,18.0
2025-04-28,20:00:49,0.4,18.0
2025-04-28,20:00:59,0.6,18.0
2025-04-28,20:01:09,0.5,18.0
2025-04-28,20:01:19,0.5,18.0
2025-04-28,20:01:29,2.5,17.3
2025-04-28,20:01:39,0.7,17.3
2025-04-28,20:01:49,10.0,19.3
2025-04-28,20:01:59,0.6,19.2
2025-04-28,20:02:09,0.6,18.1
2025-04-28,20:02:19,0.6,18.1
2025-04-28,20:02:29,2.4,17.5
2025-04-28,20:02:39,0.6,17.3
2025-04-28,20:02:49,0.5,17.3
2025-04-28,20:02:59,0.6,17.3
2025-04-28,20:03:09,0.6,17.3
2025-04-28,20:03:19,1.1,17.3
2025-04-28,20:03:29,1.0,17.3
2025-04-28,20:03:39,7.0,17.9
2025-04-28,20:03:49,0.9,17.6
2025-04-28,20:03:59,0.9,17.4
2025-04-28,20:04:09,2.2,17.4
2025-04-28,20:04:19,0.9,17.4
2025-04-28,20:04:29,1.0,17.4
2025-04-28,20:04:39,1.5,17.4
2025-04-28,20:04:49,0.6,17.4
2025-04-28,20:04:59,0.6,17.4
2025-04-28,20:05:09,0.5,17.4
2025-04-28,20:05:19,0.5,17.4
2025-04-28,20:05:29,0.6,17.4
2025-04-28,20:05:39,0.5,17.4
2025-04-28,20:05:49,0.6,17.4
2025-04-28,20:05:59,0.6,17.4
2025-04-28,20:06:09,0.6,17.4
2025-04-28,20:06:19,0.5,17.4
2025-04-28,20:06:29,14.3,61.2
2025-04-28,20:06:39,26.3,61.2
2025-04-28,20:06:49,26.2,61.0
2025-04-28,20:06:59,26.3,60.9
2025-04-28,20:07:09,26.3,60.9
2025-04-28,20:07:19,26.3,60.9
2025-04-28,20:07:29,24.5,27.3
2025-04-28,20:07:39,89.4,56.0
2025-04-28,20:07:49,89.0,55.4
2025-04-28,20:07:59,89.0,55.2
2025-04-28,20:08:09,89.5,55.3
2025-04-28,20:08:19,89.3,55.3
2025-04-28,20:08:29,84.2,55.0
2025-04-28,20:08:39,70.3,70.8
2025-04-28,20:08:49,85.2,70.6
2025-04-28,20:08:59,85.3,70.1
2025-04-28,20:09:09,85.2,70.1
2025-04-28,20:09:19,85.1,70.1
2025-04-28,20:09:29,85.2,70.1
2025-04-28,20:09:39,18.3,18.1
2025-04-28,20:09:49,1.1,18.0
2025-04-28,20:09:59,1.3,18.0
2025-04-28,20:10:09,1.1,18.0
2025-04-28,20:10:19,1.1,18.0
2025-04-28,20:10:29,1.2,18.0
2025-04-28,20:10:39,1.1,18.0
2025-04-28,20:10:49,1.1,18.0
2025-04-28,20:10:59,1.2,18.0
2025-04-28,20:11:09,1.0,18.0
2025-04-28,20:11:19,1.1,18.0
2025-04-28,20:11:29,1.3,18.0
2025-04-28,20:11:39,1.0,18.0
2025-04-28,20:11:49,8.7,35.9
2025-04-28,20:11:59,66.8,51.6
2025-04-28,20:12:09,66.4,51.3
2025-04-28,20:12:19,66.4,51.2
2025-04-28,20:12:29,66.5,51.2
2025-04-28,20:12:39,66.4,51.2
2025-04-28,20:12:49,59.9,50.9
2025-04-28,20:12:59,1.4,18.1
2025-04-28,20:13:09,1.1,18.1
2025-04-28,20:13:19,1.2,18.1
2025-04-28,20:13:29,1.1,18.1
2025-04-28,20:13:39,1.3,18.1
2025-04-28,20:13:49,1.0,18.1
2025-04-28,20:13:59,1.3,18.1
2025-04-28,20:14:09,1.9,18.0
2025-04-28,20:14:19,2.2,18.0
2025-04-28,20:14:29,1.7,17.5
2025-04-28,20:14:39,5.1,18.6
2025-04-28,20:14:49,7.8,17.8
2025-04-28,20:14:59,6.0,18.7
2025-04-28,20:15:09,4.0,19.3
2025-04-28,20:15:19,6.7,19.1
2025-04-28,20:15:29,6.4,18.9
2025-04-28,20:15:39,3.9,19.1
2025-04-28,20:15:49,8.6,18.4
2025-04-28,20:15:59,93.1,58.2
2025-04-28,20:16:09,3.0,18.8
2025-04-28,20:16:19,0.7,18.4
2025-04-28,20:16:29,0.6,18.4
2025-04-28,20:16:39,0.5,18.4
2025-04-28,20:16:49,9.5,52.4
2025-04-28,20:16:59,18.8,37.0
2025-04-28,20:17:09,0.8,18.5
2025-04-28,20:17:19,0.5,18.4
2025-04-28,20:17:29,0.6,18.4
2025-04-28,20:17:39,0.5,18.4
2025-04-28,20:17:49,0.7,18.4
2025-04-28,20:17:59,0.6,18.4
2025-04-28,20:18:09,1.1,17.9
2025-04-28,20:18:19,4.5,19.1
2025-04-28,20:18:29,3.3,19.6
2025-04-28,20:18:39,1.1,19.6
2025-04-28,20:18:49,3.0,19.5
2025-04-28,20:18:59,1.6,19.5
2025-04-28,20:19:09,1.3,19.6
2025-04-28,20:19:19,2.0,19.6
2025-04-28,20:19:29,1.7,19.6
2025-04-28,20:19:39,0.6,19.6
2025-04-28,20:19:49,2.3,19.6
2025-04-28,20:19:59,1.9,19.6
2025-04-28,20:20:09,1.8,19.7
2025-04-28,20:20:19,1.6,19.7
2025-04-28,20:20:29,0.7,19.7
2025-04-28,20:20:39,1.1,19.7
2025-04-28,20:20:49,3.0,19.9
2025-04-28,20:20:59,2.0,19.8
2025-04-28,20:21:09,0.7,19.7
2025-04-28,20:21:19,3.5,19.7
2025-04-28,20:21:29,1.7,19.7
2025-04-28,20:21:39,0.9,19.6
2025-04-28,20:21:49,3.0,18.3
2025-04-28,20:21:59,3.9,18.0
2025-04-28,20:22:09,3.5,17.9
2025-04-28,20:22:19,1.0,17.9
2025-04-28,20:22:29,1.2,17.9
2025-04-28,20:22:39,3.0,17.9
2025-04-28,20:22:49,1.1,17.9
2025-04-28,20:22:59,1.1,17.9
2025-04-28,20:23:09,1.2,17.9
2025-04-28,20:23:19,26.9,44.9
2025-04-28,20:23:29,53.6,62.9
2025-04-28,20:23:39,60.3,64.1
2025-04-28,20:23:49,62.6,72.9
2025-04-28,20:23:59,1.9,18.5
2025-04-28,20:24:09,1.2,18.2
2025-04-28,20:24:19,0.5,18.2
2025-04-28,20:24:29,0.7,18.2
2025-04-28,20:24:39,0.6,18.2
2025-04-28,20:24:49,0.9,18.2
2025-04-28,20:24:59,1.0,18.1
2025-04-28,20:25:09,1.1,18.1
2025-04-28,20:25:19,0.5,18.1
2025-04-28,20:25:29,2.9,18.1
2025-04-28,20:25:39,1.7,18.1
2025-04-28,20:25:49,2.3,18.1
2025-04-28,20:25:59,2.6,18.1
2025-04-28,20:26:09,46.2,76.3
2025-04-28,20:26:19,44.8,19.1
2025-04-28,20:26:29,3.1,18.4
2025-04-28,20:26:39,0.8,18.2
2025-04-28,20:26:49,1.8,18.2
2025-04-28,20:26:59,1.3,17.8
2025-04-28,20:27:09,13.2,55.0
2025-04-28,20:27:19,19.7,36.3
2025-04-28,20:27:29,25.2,52.7
2025-04-28,20:27:39,38.0,45.0
2025-04-28,20:27:49,22.0,64.5
2025-04-28,20:27:59,32.8,56.8
2025-04-28,20:28:09,34.2,58.4
2025-04-28,20:28:19,9.5,19.0
2025-04-28,20:28:29,2.4,18.2
2025-04-28,20:28:39,1.3,18.0
2025-04-28,20:28:49,1.5,18.0
2025-04-28,20:28:59,0.7,17.9
2025-04-28,20:29:09,0.5,17.9
2025-04-28,20:29:19,0.5,17.9
2025-04-28,20:29:29,0.6,17.9
2025-04-28,20:29:39,0.5,17.9
2025-04-28,20:29:49,0.9,18.0
2025-04-28,20:29:59,0.5,17.9
2025-04-28,20:30:09,2.6,18.0
2025-04-28,20:30:19,0.6,17.9
2025-04-28,20:30:29,0.5,17.9
2025-04-28,20:30:39,0.6,17.9
2025-04-28,20:30:49,0.5,17.9
2025-04-28,20:30:59,0.5,18.0
2025-04-28,20:31:09,0.7,17.9
2025-04-28,20:31:19,0.6,17.9
2025-04-28,20:31:29,0.4,17.9
2025-04-28,20:31:39,0.4,18.0
2025-04-28,20:31:49,0.6,18.0
2025-04-28,20:31:59,0.6,17.9
2025-04-28,20:32:09,0.5,17.9
2025-04-28,20:32:19,0.6,17.9
2025-04-28,20:32:29,0.5,17.9
2025-04-28,20:32:39,0.5,17.9
2025-04-28,20:32:49,0.5,17.9
2025-04-28,20:32:59,0.7,17.9
2025-04-28,20:33:09,0.6,17.9
2025-04-28,20:33:19,0.5,17.9
2025-04-28,20:33:29,0.5,17.9
2025-04-28,20:33:39,0.6,17.9
2025-04-28,20:33:49,0.6,18.0
2025-04-28,20:33:59,0.8,17.9
2025-04-28,20:34:09,7.8,19.7
2025-04-28,20:34:19,3.1,19.4
2025-04-28,20:34:29,2.5,19.4
2025-04-28,20:34:39,0.7,19.4
2025-04-28,20:34:49,0.4,19.4
2025-04-28,20:34:59,0.5,19.2
2025-04-28,20:35:09,1.0,19.4
2025-04-28,20:35:19,0.6,19.4
2025-04-28,20:35:29,3.5,19.4
2025-04-28,20:35:39,1.4,19.4
2025-04-28,20:35:49,1.3,19.4
2025-04-28,20:35:59,3.8,19.4
2025-04-28,20:36:09,3.9,19.4
2025-04-28,20:36:19,1.9,17.9
2025-04-28,20:36:29,12.5,21.3
2025-04-28,20:36:39,2.0,20.5
2025-04-28,20:36:49,3.3,20.0
2025-04-28,20:36:59,2.8,19.8
2025-04-28,20:37:09,3.8,20.3
2025-04-28,20:37:19,2.5,18.7
2025-04-28,20:37:29,2.9,18.4
2025-04-28,20:37:39,76.5,72.4
2025-04-28,20:37:49,43.6,53.7
2025-04-28,20:37:59,40.3,57.0
2025-04-28,20:38:09,42.1,27.3
2025-04-28,20:38:19,50.7,48.4
2025-04-28,20:38:29,15.2,20.2
2025-04-28,20:38:39,0.9,18.9
2025-04-28,20:38:49,0.6,18.6
2025-04-28,20:38:59,0.6,18.5
2025-04-28,20:39:09,0.5,18.5
2025-04-28,20:39:19,0.4,18.5
2025-04-28,20:39:29,0.6,18.5
2025-04-28,20:39:39,0.6,18.5
2025-04-28,20:39:49,0.5,18.5
2025-04-28,20:39:59,0.5,18.5
2025-04-28,20:40:09,0.5,18.5
2025-04-28,20:40:19,0.6,18.5
2025-04-28,20:40:29,0.6,18.5
2025-04-28,20:40:39,0.5,18.5
2025-04-28,20:40:49,0.5,18.5
2025-04-28,20:40:59,0.5,18.5
2025-04-28,20:41:09,0.6,18.5
2025-04-28,20:41:19,0.5,18.5
2025-04-28,20:41:29,0.5,18.6
2025-04-28,20:41:39,0.6,18.6
2025-04-28,20:41:49,0.5,18.6
2025-04-28,20:41:59,0.5,18.6
2025-04-28,20:42:09,0.5,18.6
2025-04-28,20:42:19,0.5,18.6
2025-04-28,20:42:29,0.6,18.6
2025-04-28,20:42:39,0.6,18.6
2025-04-28,20:42:49,0.5,18.6
2025-04-28,20:42:59,0.5,18.6
2025-04-28,20:43:09,0.6,18.6
2025-04-28,20:43:19,0.6,18.6
2025-04-28,20:43:29,0.4,18.6
2025-04-28,20:43:39,0.5,18.6
2025-04-28,20:43:49,0.5,18.6
2025-04-28,20:43:59,0.6,18.6
2025-04-28,20:44:09,0.5,18.6
2025-04-28,20:44:19,0.5,18.6
2025-04-28,20:44:29,0.6,18.6
2025-04-28,20:44:39,0.6,18.6
2025-04-28,20:44:49,0.5,18.6
2025-04-28,20:44:59,0.5,18.6
2025-04-28,20:45:09,0.5,18.6
2025-04-28,20:45:19,0.6,18.6
2025-04-28,20:45:29,0.5,18.6
2025-04-28,20:45:39,0.5,18.6
2025-04-28,20:45:49,0.5,18.6
2025-04-28,20:45:59,0.6,18.6
2025-04-28,20:46:09,0.6,18.6
2025-04-28,20:46:19,0.6,18.6
2025-04-28,20:46:29,0.6,18.6
2025-04-28,20:46:39,0.5,18.6
2025-04-28,20:46:49,0.6,18.6
2025-04-28,20:46:59,0.5,18.6
2025-04-28,20:47:09,0.5,18.6
2025-04-28,20:47:19,0.6,18.6
2025-04-28,20:47:29,0.6,18.6
2025-04-28,20:47:39,0.6,18.6
2025-04-28,20:47:49,0.5,18.6
2025-04-28,20:47:59,0.5,18.6
2025-04-28,20:48:09,0.4,18.6
2025-04-28,20:48:19,0.5,18.6
2025-04-28,20:48:29,0.5,18.6
2025-04-28,20:48:39,0.6,18.6
2025-04-28,20:48:49,0.5,18.6
2025-04-28,20:48:59,0.5,18.6
2025-04-28,20:49:09,0.7,18.6
2025-04-28,20:49:19,0.5,18.6
2025-04-28,20:49:29,0.5,18.6
2025-04-28,20:49:39,0.6,18.6
2025-04-28,20:49:49,0.6,18.6
2025-04-28,20:49:59,0.5,18.6
2025-04-28,20:50:09,0.6,18.6
2025-04-28,20:50:19,0.6,18.6
2025-04-28,20:50:29,0.6,18.6
2025-04-28,20:50:39,0.5,18.6
2025-04-28,20:50:49,0.6,18.6
2025-04-28,20:50:59,0.6,18.6
2025-04-28,20:51:09,0.6,18.6
2025-04-28,20:51:19,0.5,18.6
2025-04-28,20:51:29,0.6,18.6
2025-04-28,20:51:39,0.6,18.6
2025-04-28,20:51:49,0.7,18.6
2025-04-28,20:51:59,0.6,18.6
2025-04-28,20:52:09,0.5,18.6
2025-04-28,20:52:19,0.6,18.6
2025-04-28,20:52:29,0.5,18.6
2025-04-28,20:52:39,0.6,18.6
2025-04-28,20:52:49,0.6,18.6
2025-04-28,20:52:59,0.5,18.6
2025-04-28,20:53:09,0.5,18.6
2025-04-28,20:53:19,0.6,18.6
2025-04-28,20:53:29,0.6,18.6
2025-04-28,20:53:39,0.6,18.6
2025-04-28,20:53:49,0.5,18.6
2025-04-28,20:53:59,0.6,18.6
2025-04-28,20:54:09,0.5,18.6
2025-04-28,20:54:19,0.6,18.6
2025-04-28,20:54:29,0.6,18.6
2025-04-28,20:54:39,0.6,18.6
2025-04-28,20:54:49,0.6,18.6
2025-04-28,20:54:59,0.6,18.6
2025-04-28,20:55:09,0.5,18.6
2025-04-28,20:55:19,0.5,18.6
2025-04-28,20:55:29,0.5,18.6
2025-04-28,20:55:39,0.6,18.6
2025-04-28,20:55:49,0.5,18.6
2025-04-28,20:55:59,0.7,18.6
2025-04-28,20:56:09,0.6,18.6
2025-04-28,20:56:19,0.5,18.6
2025-04-28,20:56:29,0.5,18.6
2025-04-28,20:56:39,0.6,18.6
2025-04-28,20:56:49,0.6,18.6
2025-04-28,20:56:59,0.6,18.6
2025-04-28,20:57:09,0.6,18.6
2025-04-28,20:57:19,0.5,18.6
2025-04-28,20:57:29,0.5,18.6
2025-04-28,20:57:39,0.7,18.6
2025-04-28,20:57:49,0.6,18.6
2025-04-28,20:57:59,0.6,18.6
2025-04-28,20:58:09,0.5,18.6
2025-04-28,20:58:19,0.6,18.6
2025-04-28,20:58:29,0.5,18.6
2025-04-28,20:58:39,0.6,18.6
2025-04-28,20:58:49,0.6,18.6
2025-04-28,20:58:59,0.5,18.6
2025-04-28,20:59:09,0.5,18.6
2025-04-28,20:59:19,0.5,18.6
2025-04-28,20:59:29,0.5,18.6
2025-04-28,20:59:39,0.6,18.6
2025-04-28,20:59:49,0.6,18.6
2025-04-28,20:59:59,0.6,18.6
2025-04-28,21:00:09,0.5,18.6
2025-04-28,21:00:19,0.6,18.6
2025-04-28,21:00:29,0.5,18.6
2025-04-28,21:00:39,0.6,18.6
2025-04-28,21:00:49,0.6,18.6
2025-04-28,21:00:59,0.5,18.6
2025-04-28,21:01:09,0.6,18.6
2025-04-28,21:01:19,0.4,18.6
2025-04-28,21:01:29,0.6,18.6
2025-04-28,21:01:39,0.5,18.6
2025-04-28,21:01:49,0.5,18.6
2025-04-28,21:01:59,0.5,18.5
2025-04-28,21:02:09,0.6,18.5
2025-04-28,21:02:19,0.6,18.5
2025-04-28,21:02:29,0.5,18.5
2025-04-28,21:02:39,0.5,18.5
2025-04-28,21:02:49,0.7,18.5
2025-04-28,21:02:59,0.6,18.5
2025-04-28,21:03:09,0.6,18.5
2025-04-28,21:03:19,0.5,18.5
2025-04-28,21:03:29,0.5,18.5
2025-04-28,21:03:39,0.5,18.5
2025-04-28,21:03:49,0.6,18.5
2025-04-28,21:03:59,0.6,18.5
2025-04-28,21:04:09,0.6,18.5
2025-04-28,21:04:19,0.5,18.5
2025-04-28,21:04:29,0.5,18.5
2025-04-28,21:04:39,0.6,18.5
2025-04-28,21:04:49,0.5,18.5
2025-04-28,21:04:59,0.6,18.5
2025-04-28,21:05:09,0.5,18.5
2025-04-28,21:05:19,0.5,18.5
2025-04-28,21:05:29,0.6,18.5
2025-04-28,21:05:39,0.5,18.5
2025-04-28,21:05:49,0.5,18.5
2025-04-28,21:05:59,0.5,18.5
2025-04-28,21:06:09,0.5,18.5
2025-04-28,21:06:19,0.5,18.5
2025-04-28,21:06:29,0.5,18.5
2025-04-28,21:06:39,0.4,18.5
2025-04-28,21:06:49,0.5,18.5
2025-04-28,21:06:59,0.5,18.5
2025-04-28,21:07:10,0.6,18.5
2025-04-28,21:07:19,0.6,18.5
2025-04-28,21:07:30,0.6,18.5
2025-04-28,21:07:40,0.5,18.5
2025-04-28,21:07:50,0.5,18.5
2025-04-28,21:08:00,0.5,18.5
2025-04-28,21:08:10,0.5,18.5
2025-04-28,21:08:20,0.6,18.5
2025-04-28,21:08:30,0.6,18.6
2025-04-28,21:08:40,0.5,18.6
2025-04-28,21:08:50,0.5,18.6
2025-04-28,21:09:00,0.6,18.6
2025-04-28,21:09:10,0.5,18.6
2025-04-28,21:09:20,0.7,18.6
2025-04-28,21:09:30,0.5,18.6
2025-04-28,21:09:40,0.6,18.6
2025-04-28,21:09:50,0.6,18.6
2025-04-28,21:10:00,0.5,18.6
2025-04-28,21:10:10,0.6,18.6
2025-04-28,21:10:20,0.4,18.6
2025-04-28,21:10:30,0.5,18.6
2025-04-28,21:10:40,0.5,18.6
2025-04-28,21:10:50,0.6,18.6
2025-04-28,21:11:00,0.6,18.6
2025-04-28,21:11:10,0.6,18.6
2025-04-28,21:11:20,0.5,18.6
2025-04-28,21:11:30,0.5,18.6
2025-04-28,21:11:40,0.6,18.6
2025-04-28,21:11:50,0.6,18.6
2025-04-28,21:12:00,0.5,18.6
2025-04-28,21:12:10,2.0,18.6
2025-04-28,21:12:20,6.0,18.8
2025-04-28,21:12:30,1.4,18.8
2025-04-28,21:12:40,0.7,18.8
2025-04-28,21:12:50,0.7,18.7
2025-04-28,21:13:00,0.6,18.7
2025-04-28,21:13:10,0.7,18.7
2025-04-28,21:13:20,0.8,18.7
2025-04-28,21:13:30,0.6,18.7
2025-04-28,21:13:40,0.7,18.7
2025-04-28,21:13:50,0.7,18.7
2025-04-28,21:14:00,0.8,18.7
2025-04-28,21:14:10,0.7,18.7
2025-04-28,21:14:20,0.7,18.7
2025-04-28,21:14:30,4.0,18.7
2025-04-28,21:14:40,2.5,18.7
2025-04-28,21:14:50,0.7,18.7
2025-04-28,21:15:00,0.6,18.7
2025-04-28,21:15:10,0.7,18.7
2025-04-28,21:15:20,0.7,18.7
2025-04-28,21:15:30,0.7,18.7
2025-04-28,21:15:40,0.7,18.7
2025-04-28,21:15:50,0.6,18.7
2025-04-28,21:16:00,0.6,18.7
2025-04-28,21:16:10,0.5,18.7
2025-04-28,21:16:20,0.7,18.7
2025-04-28,21:16:30,0.9,18.7
2025-04-28,21:16:40,0.7,18.7
2025-04-28,21:16:50,0.7,18.7
2025-04-28,21:17:00,0.8,18.7
2025-04-28,21:17:10,0.9,18.7
2025-04-28,21:17:20,0.8,18.7
2025-04-28,21:17:30,0.5,18.7
2025-04-28,21:17:40,0.6,18.7
2025-04-28,21:17:50,0.7,18.7
2025-04-28,21:18:00,0.7,18.7
2025-04-28,21:18:10,0.8,18.7
2025-04-28,21:18:20,0.7,18.7
2025-04-28,21:18:30,0.7,18.7
2025-04-28,21:18:40,0.5,18.7
2025-04-28,21:18:50,0.7,18.7
2025-04-28,21:19:00,0.7,18.7
2025-04-28,21:19:10,0.6,18.7
2025-04-28,21:19:20,0.6,18.7
2025-04-28,21:19:30,0.6,18.7
2025-04-28,21:19:40,0.7,18.7
2025-04-28,21:19:50,0.7,18.7
2025-04-28,21:20:00,0.5,18.7
2025-04-28,21:20:10,0.6,18.7
2025-04-28,21:20:20,0.6,18.7
2025-04-28,21:20:30,0.7,18.7
2025-04-28,21:20:40,0.7,18.7
2025-04-28,21:20:50,0.5,18.7
2025-04-28,21:21:00,0.7,18.7
2025-04-28,21:21:10,0.7,18.7
2025-04-28,21:21:20,0.5,18.7
2025-04-28,21:21:30,0.7,18.7
2025-04-28,21:21:40,0.6,18.7
2025-04-28,21:21:50,0.7,18.7
2025-04-28,21:22:00,0.6,18.7
2025-04-28,21:22:10,0.6,18.7
2025-04-28,21:22:20,0.7,18.7
2025-04-28,21:22:30,0.6,18.7
2025-04-28,21:22:40,0.8,18.7
2025-04-28,21:22:50,0.7,18.7
2025-04-28,21:23:00,0.6,18.7
2025-04-28,21:23:10,0.7,18.7
2025-04-28,21:23:20,0.7,18.7
2025-04-28,21:23:30,0.6,18.7
2025-04-28,21:23:40,0.6,18.7
2025-04-28,21:23:50,0.7,18.7
2025-04-28,21:24:00,0.6,18.7
2025-04-28,21:24:10,0.7,18.7
2025-04-28,21:24:20,0.6,18.7
2025-04-28,21:24:30,0.6,18.7
2025-04-28,21:24:40,0.7,18.7
2025-04-28,21:24:50,0.7,18.7
2025-04-28,21:25:00,0.7,18.7
2025-04-28,21:25:10,0.6,18.7
2025-04-28,21:25:20,0.5,18.7
2025-04-28,21:25:30,0.7,18.7
2025-04-28,21:25:40,0.7,18.7
2025-04-28,21:25:50,0.6,18.7
2025-04-28,21:26:00,0.7,18.7
2025-04-28,21:26:10,0.7,18.7
2025-04-28,21:26:20,0.7,18.7
2025-04-28,21:26:30,0.7,18.7
2025-04-28,21:26:40,0.7,18.7
2025-04-28,21:26:50,0.6,18.7
2025-04-28,21:27:00,0.7,18.7
2025-04-28,21:27:10,0.7,18.7
2025-04-28,21:27:20,0.7,18.7
2025-04-28,21:27:30,0.5,18.7
2025-04-28,21:27:40,0.5,18.7
2025-04-28,21:27:50,0.7,18.7
2025-04-28,21:28:00,0.7,18.7
2025-04-28,21:28:10,0.6,18.7
2025-04-28,21:28:20,0.6,18.7
2025-04-28,21:28:30,0.6,18.7
2025-04-28,21:28:40,0.6,18.7
2025-04-28,21:28:50,0.7,18.7
2025-04-28,21:29:00,0.7,18.7
2025-04-28,21:29:10,0.6,18.7
2025-04-28,21:29:20,0.7,18.7
2025-04-28,21:29:30,0.7,18.7
2025-04-28,21:29:40,0.6,18.7
2025-04-28,21:29:50,0.5,18.7
2025-04-28,21:30:00,0.6,18.7
2025-04-28,21:30:10,0.7,18.7
2025-04-28,21:30:20,0.6,18.7
2025-04-28,21:30:30,0.7,18.7
2025-04-28,21:30:40,0.7,18.7
2025-04-28,21:30:50,0.6,18.7
2025-04-28,21:31:00,0.6,18.7
2025-04-28,21:31:10,0.6,18.7
2025-04-28,21:31:20,0.7,18.7
2025-04-28,21:31:30,0.6,18.7
2025-04-28,21:31:40,0.6,18.7
2025-04-28,21:31:50,0.5,18.7
2025-04-28,21:32:00,0.7,18.7
2025-04-28,21:32:10,0.7,18.7
2025-04-28,21:32:20,0.6,18.7
2025-04-28,21:32:30,0.6,18.7
2025-04-28,21:32:40,0.5,18.7
2025-04-28,21:32:50,0.7,18.7
2025-04-28,21:33:00,0.7,18.7
2025-04-28,21:33:10,0.6,18.7
2025-04-28,21:33:20,0.7,18.7
2025-04-28,21:33:30,0.7,18.7
2025-04-28,21:33:40,0.6,18.7
2025-04-28,21:33:50,0.7,18.7
2025-04-28,21:34:00,0.7,18.7
2025-04-28,21:34:10,0.7,18.7
2025-04-28,21:34:20,0.6,18.7
2025-04-28,21:34:30,0.7,18.7
2025-04-28,21:34:40,0.6,18.7
2025-04-28,21:34:50,0.6,18.7
2025-04-28,21:35:00,0.6,18.7
2025-04-28,21:35:10,0.6,18.7
2025-04-28,21:35:20,0.7,18.7
2025-04-28,21:35:30,0.7,18.7
2025-04-28,21:35:40,0.6,18.7
2025-04-28,21:35:50,0.6,18.7
2025-04-28,21:36:00,0.7,18.7
2025-04-28,21:36:10,0.7,18.7
2025-04-28,21:36:20,0.6,18.7
2025-04-28,21:36:30,0.7,18.7
2025-04-28,21:36:40,0.7,18.7
2025-04-28,21:36:50,0.6,18.7
2025-04-28,21:37:00,0.7,18.7
2025-04-28,21:37:10,0.6,18.7
2025-04-28,21:37:20,0.6,18.7
2025-04-28,21:37:30,0.6,18.7
2025-04-28,21:37:40,0.6,18.7
2025-04-28,21:37:50,0.6,18.7
2025-04-28,21:38:00,0.7,18.7
2025-04-28,21:38:10,0.6,18.7
2025-04-28,21:38:20,0.6,18.7
2025-04-28,21:38:30,0.6,18.7
2025-04-28,21:38:40,0.7,18.7
2025-04-28,21:38:50,0.7,18.7
2025-04-28,21:39:00,0.6,18.7
2025-04-28,21:39:10,0.6,18.7
2025-04-28,21:39:20,0.6,18.7
2025-04-28,21:39:30,0.7,18.7
2025-04-28,21:39:40,0.7,18.7
2025-04-28,21:39:50,0.7,18.7
2025-04-28,21:40:00,0.5,18.7
2025-04-28,21:40:10,0.6,18.7
2025-04-28,21:40:20,0.7,18.7
2025-04-28,21:40:30,0.7,18.7
2025-04-28,21:40:40,0.6,18.7
2025-04-28,21:40:50,0.6,18.7
2025-04-28,21:41:00,0.6,18.7
2025-04-28,21:41:10,0.7,18.7
2025-04-28,21:41:20,0.6,18.7
2025-04-28,21:41:30,0.5,18.7
2025-04-28,21:41:40,0.7,18.7
2025-04-28,21:41:50,0.7,18.7
2025-04-28,21:42:00,0.8,18.7
2025-04-28,21:42:10,0.6,18.7
2025-04-28,21:42:20,0.7,18.7
2025-04-28,21:42:30,0.6,18.7
2025-04-28,21:42:40,0.7,18.7
2025-04-28,21:42:50,0.6,18.7
2025-04-28,21:43:00,0.6,18.7
2025-04-28,21:43:10,0.7,18.7
2025-04-28,21:43:20,0.6,18.7
2025-04-28,21:43:30,0.6,18.7
2025-04-28,21:43:40,0.6,18.7
2025-04-28,21:43:50,0.7,18.7
2025-04-28,21:44:00,0.6,18.7
2025-04-28,21:44:10,0.7,18.7
2025-04-28,21:44:20,0.8,18.7
2025-04-28,21:44:30,0.6,18.7
2025-04-28,21:44:40,0.7,18.7
2025-04-28,21:44:50,0.6,18.7
2025-04-28,21:45:00,0.6,18.7
2025-04-28,21:45:10,0.6,18.7
2025-04-28,21:45:20,0.7,18.7
2025-04-28,21:45:30,0.6,18.7
2025-04-28,21:45:40,0.6,18.7
2025-04-28,21:45:50,0.8,18.7
2025-04-28,21:46:00,0.6,18.7
2025-04-28,21:46:10,0.7,18.7
2025-04-28,21:46:20,0.6,18.7
2025-04-28,21:46:30,0.6,18.7
2025-04-28,21:46:40,0.7,18.7
2025-04-28,21:46:50,0.7,18.7
2025-04-28,21:47:00,0.7,18.7
2025-04-28,21:47:10,0.5,18.7
2025-04-28,21:47:20,0.7,18.7
2025-04-28,21:47:30,0.6,18.7
2025-04-28,21:47:40,0.6,18.7
2025-04-28,21:47:50,0.7,18.7
2025-04-28,21:48:00,0.6,18.7
2025-04-28,21:48:10,0.5,18.7
2025-04-28,21:48:20,0.7,18.7
2025-04-28,21:48:30,0.6,18.7
2025-04-28,21:48:40,0.6,18.7
2025-04-28,21:48:50,0.6,18.7
2025-04-28,21:49:00,0.6,18.7
2025-04-28,21:49:10,0.7,18.7
2025-04-28,21:49:20,0.7,18.7
2025-04-28,21:49:30,0.7,18.7
2025-04-28,21:49:40,2.3,18.7
2025-04-28,21:49:50,0.7,18.7
2025-04-28,21:50:00,0.7,18.7
2025-04-28,21:50:10,0.7,18.7
2025-04-28,21:50:20,0.7,18.7
2025-04-28,21:50:30,0.6,18.7
2025-04-28,21:50:40,0.7,18.7
2025-04-28,21:50:50,0.7,18.7
2025-04-28,21:51:00,0.7,18.7
2025-04-28,21:51:10,0.6,18.7
2025-04-28,21:51:20,0.6,18.7
2025-04-28,21:51:30,0.7,18.7
2025-04-28,21:51:40,0.7,18.7
2025-04-28,21:51:50,0.7,18.7
2025-04-28,21:52:00,0.7,18.7
2025-04-28,21:52:10,0.6,18.7
2025-04-28,21:52:20,0.6,18.7
2025-04-28,21:52:30,0.7,18.7
2025-04-28,21:52:40,0.6,18.7
2025-04-28,21:52:50,0.6,18.7
2025-04-28,21:53:00,0.6,18.7
2025-04-28,21:53:10,0.8,18.7
2025-04-28,21:53:20,0.7,18.7
2025-04-28,21:53:30,0.5,18.7
2025-04-28,21:53:40,0.7,18.7
2025-04-28,21:53:50,0.7,18.7
2025-04-28,21:54:00,0.7,18.7
2025-04-28,21:54:10,0.8,18.7
2025-04-28,21:54:20,0.6,18.7
2025-04-28,21:54:30,0.6,18.7
2025-04-28,21:54:40,0.6,18.7
2025-04-28,21:54:50,0.6,18.7
2025-04-28,21:55:00,0.7,18.7
2025-04-28,21:55:10,0.7,18.7
2025-04-28,21:55:20,0.7,18.7
2025-04-28,21:55:30,0.7,18.7
2025-04-28,21:55:40,0.7,18.7
2025-04-28,21:55:50,0.7,18.7
2025-04-28,21:56:00,0.6,18.7
2025-04-28,21:56:10,0.6,18.7
2025-04-28,21:56:20,0.8,18.7
2025-04-28,21:56:30,0.7,18.7
2025-04-28,21:56:40,0.6,18.7
2025-04-28,21:56:50,0.6,18.7
2025-04-28,21:57:00,0.6,18.7
2025-04-28,21:57:10,0.6,18.7
2025-04-28,21:57:20,0.6,18.7
2025-04-28,21:57:30,0.7,18.7
2025-04-28,21:57:40,0.7,18.7
2025-04-28,21:57:50,0.7,18.7
2025-04-28,21:58:00,0.7,18.7
2025-04-28,21:58:10,0.7,18.7
2025-04-28,21:58:20,0.7,18.7
2025-04-28,21:58:30,0.6,18.7
2025-04-28,21:58:40,0.8,18.7
2025-04-28,21:58:50,0.7,18.7
2025-04-28,21:59:00,0.6,18.7
2025-04-28,21:59:10,0.7,18.7
2025-04-28,21:59:20,0.6,18.7
2025-04-28,21:59:30,0.7,18.7
2025-04-28,21:59:40,0.7,18.7
2025-04-28,21:59:50,0.7,18.7
2025-04-28,22:00:00,0.7,18.7
2025-04-28,22:00:10,0.6,18.7
2025-04-28,22:00:20,0.6,18.7
2025-04-28,22:00:30,0.5,18.7
2025-04-28,22:00:40,0.5,18.7
2025-04-28,22:00:50,0.6,18.7
2025-04-28,22:01:00,0.6,18.7
2025-04-28,22:01:10,0.6,18.7
2025-04-28,22:01:20,0.6,18.7
2025-04-28,22:01:30,0.6,18.7
2025-04-28,22:01:40,0.6,18.7
2025-04-28,22:01:50,0.6,18.7
2025-04-28,22:02:00,0.5,18.7
2025-04-28,22:02:10,0.7,18.7
2025-04-28,22:02:20,0.6,18.7
2025-04-28,22:02:30,0.6,18.7
2025-04-28,22:02:40,0.6,18.7
2025-04-28,22:02:50,0.7,18.7
2025-04-28,22:03:00,0.7,18.7
2025-04-28,22:03:10,0.7,18.7
2025-04-28,22:03:20,0.6,18.7
2025-04-28,22:03:30,0.6,18.7
2025-04-28,22:03:40,0.6,18.7
2025-04-28,22:03:50,1.9,18.7
2025-04-28,22:04:00,6.9,19.2
2025-04-28,22:04:10,6.1,18.6
2025-04-28,22:04:20,1.5,18.4
2025-04-28,22:04:30,1.2,18.4
2025-04-28,22:04:40,1.0,18.4
2025-04-28,22:04:50,1.1,18.4
2025-04-28,22:05:00,1.0,18.4
2025-04-28,22:05:10,0.5,18.4
2025-04-28,22:05:20,0.5,18.4
2025-04-28,22:05:30,0.5,18.4
2025-04-28,22:05:40,0.5,18.4
2025-04-28,22:05:50,0.5,18.4
2025-04-28,22:06:00,0.5,18.4
2025-04-28,22:06:10,0.5,18.4
2025-04-28,22:06:20,0.6,18.4
2025-04-28,22:06:30,0.5,18.3
2025-04-28,22:06:40,0.5,18.3
2025-04-28,22:06:50,0.5,18.3
2025-04-28,22:07:00,0.5,18.3
2025-04-28,22:07:10,0.6,18.3
2025-04-28,22:07:20,0.8,18.4
2025-04-28,22:07:30,0.5,18.4
2025-04-28,22:07:40,1.1,18.3
2025-04-28,22:07:50,0.5,18.3
2025-04-28,22:08:00,0.5,18.3
2025-04-28,22:08:10,0.6,18.3
2025-04-28,22:08:20,0.8,18.4
2025-04-28,22:08:30,0.5,18.4
2025-04-28,22:08:40,0.8,18.4
2025-04-28,22:08:50,0.3,18.4
2025-04-28,22:09:00,0.5,18.4
2025-04-28,22:09:10,0.6,18.4
2025-04-28,22:09:20,1.1,18.3
2025-04-28,22:09:30,1.0,18.3
2025-04-28,22:09:40,1.6,18.3
2025-04-28,22:09:50,0.4,18.3
2025-04-28,22:10:00,1.0,18.3
2025-04-28,22:10:10,2.2,18.3
2025-04-28,22:10:20,1.2,18.3
2025-04-28,22:10:30,0.5,18.3
2025-04-28,22:10:40,0.5,18.4
2025-04-28,22:10:50,0.6,18.4
2025-04-28,22:11:00,0.5,18.4
2025-04-28,22:11:10,0.5,18.4
2025-04-28,22:11:20,2.1,18.3
2025-04-28,22:11:30,0.6,18.3
2025-04-28,22:11:40,0.5,18.4
2025-04-28,22:11:50,0.5,18.4
2025-04-28,22:12:00,0.5,18.4
2025-04-28,22:12:10,0.6,18.4
2025-04-28,22:12:20,0.7,18.4
2025-04-28,22:12:30,0.5,18.4
2025-04-28,22:12:40,0.5,18.4
2025-04-28,22:12:50,0.5,18.4
2025-04-28,22:13:00,0.5,18.4
2025-04-28,22:13:10,0.6,18.4
2025-04-28,22:13:20,0.5,18.4
2025-04-28,22:13:30,0.5,18.4
2025-04-28,22:13:40,0.5,18.4
2025-04-28,22:13:50,0.6,18.4
2025-04-28,22:14:00,0.6,18.4
2025-04-28,22:14:10,0.5,18.4
2025-04-28,22:14:20,0.9,18.4
2025-04-28,22:14:30,1.3,18.4
2025-04-28,22:14:40,5.5,20.5
2025-04-28,22:14:50,4.6,20.7
2025-04-28,22:15:00,10.3,21.1
2025-04-28,22:15:10,6.1,19.1
2025-04-28,22:15:20,1.9,18.5
2025-04-28,22:15:30,1.5,18.5
2025-04-28,22:15:40,2.0,18.5
2025-04-28,22:15:50,1.9,18.5
2025-04-28,22:16:00,1.2,18.5
2025-04-28,22:16:10,0.6,18.5
2025-04-28,22:16:20,0.5,18.5
2025-04-28,22:16:30,0.5,18.5
2025-04-28,22:16:40,0.6,18.4
2025-04-28,22:16:50,0.5,18.4
2025-04-28,22:17:00,0.6,18.4
2025-04-28,22:17:10,0.6,18.4
2025-04-28,22:17:20,0.7,18.4
2025-04-28,22:17:30,14.4,60.9
2025-04-28,22:17:40,21.3,60.9
2025-04-28,22:17:50,21.2,60.6
2025-04-28,22:18:00,10.8,18.4
2025-04-28,22:18:10,12.8,22.7
2025-04-28,22:18:20,3.3,19.2
2025-04-28,22:18:30,20.1,71.5
2025-04-28,22:18:40,38.2,28.5
2025-04-28,22:18:50,13.9,47.5
2025-04-28,22:19:00,53.5,21.7
2025-04-28,22:19:10,1.4,20.1
2025-04-28,22:19:20,0.6,19.7
2025-04-28,22:19:30,1.2,19.7
2025-04-28,22:19:40,1.1,19.7
2025-04-28,22:19:50,1.4,19.7
2025-04-28,22:20:00,2.6,19.6
2025-04-28,22:20:10,0.5,19.6
2025-04-28,22:20:20,0.5,19.6
2025-04-28,22:20:30,0.6,19.6
2025-04-28,22:20:40,0.5,19.6
2025-04-28,22:20:50,0.5,19.6
2025-04-28,22:21:00,0.5,19.6
2025-04-28,22:21:10,0.5,19.6
2025-04-28,22:21:20,0.4,19.6
2025-04-28,22:21:30,0.6,19.6
2025-04-28,22:21:40,1.4,19.6
2025-04-28,22:21:50,7.8,23.8
2025-04-28,22:22:00,5.5,23.3
2025-04-28,22:22:10,3.6,21.3
2025-04-28,22:22:20,3.5,21.1
2025-04-28,22:22:30,8.5,36.3
2025-04-28,22:22:40,37.1,45.3
2025-04-28,22:22:50,27.2,45.4
2025-04-28,22:23:00,30.1,59.5
2025-04-28,22:23:10,58.6,67.6
2025-04-28,22:23:20,49.0,30.0
2025-04-28,22:23:30,86.0,71.5
2025-04-28,22:23:40,57.4,55.8
2025-04-28,22:23:50,46.4,75.0
2025-04-28,22:24:00,27.8,56.6
2025-04-28,22:24:10,19.0,28.0
2025-04-28,22:24:20,41.9,59.5
2025-04-28,22:24:30,76.4,55.7
2025-04-28,22:24:40,35.3,75.8
2025-04-28,22:24:50,17.8,35.3
2025-04-28,22:25:00,13.7,61.7
2025-04-28,22:25:10,58.8,59.0
2025-04-28,22:25:20,30.1,65.7
2025-04-28,22:37:47,0.0,18.7
2025-04-28,22:37:57,1.1,18.7
2025-04-28,22:38:07,3.0,18.6
2025-04-28,22:38:17,3.1,18.6
2025-04-28,22:38:27,0.6,18.6
2025-04-28,22:38:37,1.3,18.6
2025-04-28,22:38:47,1.8,18.6
2025-04-28,22:38:57,0.6,18.6
2025-04-28,22:39:07,0.6,18.5
2025-04-28,22:39:17,0.6,18.5
2025-04-28,22:39:27,0.6,18.5
2025-04-28,22:39:37,0.6,18.5
2025-04-28,22:39:47,0.7,18.5
2025-04-28,22:39:57,0.5,18.5
2025-04-28,22:40:07,0.6,18.5
2025-04-28,22:40:17,0.6,18.5
2025-04-28,22:40:27,0.6,18.5
2025-04-28,22:40:37,0.5,18.5
2025-04-28,22:40:47,3.0,18.6
2025-04-28,22:40:57,67.2,51.3
2025-04-28,22:41:07,24.1,20.5
2025-04-28,22:41:17,2.4,19.0
2025-04-28,22:41:27,0.6,18.7
2025-04-28,22:41:37,0.5,18.6
2025-04-28,22:41:47,0.6,18.6
2025-04-28,22:41:57,0.6,18.6
2025-04-28,22:42:07,0.6,18.6
2025-04-28,22:42:17,0.6,18.6
2025-04-28,22:42:27,0.6,18.6
2025-04-28,22:42:37,0.5,18.6
2025-04-28,22:42:47,0.5,18.6
2025-04-28,22:42:57,0.6,18.5
2025-04-28,22:43:07,0.8,18.5
2025-04-28,22:43:17,0.8,18.5
2025-04-28,22:43:27,0.6,18.5
2025-04-28,22:43:37,1.0,18.5
2025-04-28,22:43:47,1.0,18.5
2025-04-28,22:43:57,3.6,18.6
2025-04-28,22:44:07,0.5,18.6
2025-04-28,22:44:17,0.6,18.6
2025-04-28,22:44:27,0.7,18.6
2025-04-28,22:44:37,0.6,18.6
2025-04-28,22:44:47,0.5,18.6
2025-04-28,22:44:57,0.5,18.6
2025-04-28,22:45:07,0.6,18.6
2025-04-28,22:45:17,0.9,18.6
2025-04-28,22:45:27,0.9,18.6
2025-04-28,22:45:37,0.7,18.6
2025-04-28,22:45:47,0.5,18.6
2025-04-28,22:45:57,1.3,18.6
2025-04-28,22:46:07,3.7,20.0
2025-04-28,22:46:17,3.2,20.0
2025-04-28,22:46:27,2.9,20.1
2025-04-28,22:46:37,2.8,20.1
2025-04-28,22:46:47,0.5,20.1
2025-04-28,22:46:57,0.5,19.9
2025-04-28,22:47:07,0.5,19.9
2025-04-28,22:47:17,0.5,19.9
2025-04-28,22:47:27,0.4,19.9
2025-04-28,22:47:37,0.4,19.9
2025-04-28,22:47:47,0.5,19.9
2025-04-28,22:47:57,0.5,19.9
2025-04-28,22:48:07,0.6,19.9
2025-04-28,22:48:17,4.7,20.4
2025-04-28,22:48:27,1.3,20.4
2025-04-28,22:48:37,0.8,20.1
2025-04-28,22:48:47,1.0,20.1
2025-04-28,22:48:57,1.7,20.1
2025-04-28,22:49:07,5.0,21.3
2025-04-28,22:49:17,0.7,20.7
2025-04-28,22:49:27,0.5,20.3
2025-04-28,22:49:37,0.4,20.3
2025-04-28,22:49:47,3.3,20.3
2025-04-28,22:49:57,1.3,19.8
2025-04-28,22:50:07,0.5,19.5
2025-04-28,22:50:17,0.5,19.5
2025-04-28,22:50:27,3.7,19.5
2025-04-28,22:50:37,3.2,19.5
2025-04-28,22:50:47,1.5,19.5
2025-04-28,22:50:57,1.7,19.5
2025-04-28,22:51:07,1.2,19.5
2025-04-28,22:51:17,0.8,19.4
2025-04-28,22:51:27,0.8,19.5
2025-04-28,22:51:37,1.5,19.5
2025-04-28,22:51:47,0.7,19.5
2025-04-28,22:51:57,1.2,19.5
2025-04-28,22:52:07,0.9,19.5
2025-04-28,22:52:17,0.6,19.5
2025-04-28,22:52:27,0.6,19.5
2025-04-28,22:52:37,0.5,19.5
2025-04-28,22:52:47,0.5,19.5
2025-04-28,22:52:57,0.6,19.5
2025-04-28,22:53:07,0.5,19.5
2025-04-28,22:53:17,1.7,19.5
2025-04-28,22:53:27,2.8,18.2
2025-04-28,22:53:37,6.2,20.6
2025-04-28,22:53:47,4.7,20.9
2025-04-28,22:53:57,2.0,20.3
2025-04-28,22:54:07,2.8,20.2
2025-04-28,22:54:17,2.1,20.1
2025-04-28,22:54:27,1.9,20.0
2025-04-28,22:54:37,1.7,20.1
2025-04-28,22:54:47,2.9,20.6
2025-04-28,22:54:57,3.9,20.2
2025-04-28,22:55:07,3.1,20.2
2025-04-28,22:55:17,2.6,20.3
2025-04-28,22:55:27,2.2,20.3
2025-04-28,22:55:37,2.1,20.0
2025-04-28,22:55:47,2.6,20.5
2025-04-28,22:55:57,3.3,20.1
2025-04-28,22:56:07,2.0,19.8
2025-04-28,22:56:17,2.4,20.4
2025-04-28,22:56:27,2.8,20.4
2025-04-28,22:56:37,3.2,20.5
2025-04-28,22:56:47,1.1,19.8
2025-04-28,22:56:57,2.4,20.2
2025-04-28,22:57:07,12.8,41.3
2025-04-28,22:57:17,51.8,64.4
2025-04-28,22:57:27,13.7,19.7
2025-04-28,22:57:37,0.5,19.0
2025-04-28,22:57:47,0.6,18.9
2025-04-28,22:57:57,0.6,18.9
2025-04-28,22:58:07,0.6,18.9
2025-04-28,22:58:17,0.6,18.9
2025-04-28,22:58:27,0.6,18.9
2025-04-28,22:58:37,0.5,18.9
2025-04-28,22:58:47,0.6,18.9
2025-04-28,22:58:57,0.6,18.9
2025-04-28,22:59:07,0.6,19.0
2025-04-28,22:59:17,0.6,19.0
2025-04-28,23:12:07,0.0,19.1
2025-04-28,23:12:17,9.8,30.6
2025-04-28,23:12:27,28.4,48.0
2025-04-28,23:12:37,19.7,20.6
2025-04-28,23:12:47,3.8,19.4
2025-04-28,23:12:57,5.7,19.3
2025-04-28,23:13:07,4.1,19.3
2025-04-28,23:13:17,0.5,19.2
2025-04-28,23:13:27,0.5,19.2
2025-04-28,23:13:37,0.5,19.2
2025-04-28,23:13:47,0.5,19.2
2025-04-28,23:13:57,0.6,19.2
2025-04-28,23:14:07,0.5,19.2
2025-04-28,23:14:17,0.6,19.2
2025-04-28,23:14:27,0.6,19.2
2025-04-28,23:14:37,0.5,19.2
2025-04-28,23:14:47,0.5,19.2
2025-04-28,23:14:57,0.5,19.2
2025-04-28,23:15:07,0.7,19.2
2025-04-28,23:15:17,0.5,19.2
2025-04-28,23:15:27,0.6,19.2
2025-04-28,23:15:37,0.5,19.2
2025-04-28,23:15:47,0.7,19.2
2025-04-28,23:15:57,0.5,19.2
2025-04-28,23:16:07,0.5,19.3
2025-04-28,23:16:17,0.5,19.2
2025-04-28,23:16:27,0.5,19.2
2025-04-28,23:16:37,6.6,19.3
2025-04-28,23:16:47,2.9,19.2
2025-04-28,23:16:57,4.5,19.9
2025-04-28,23:17:07,6.0,20.2
2025-04-28,23:17:17,1.9,19.6
2025-04-28,23:17:27,0.6,19.4
2025-04-28,23:17:37,2.6,20.4
2025-04-28,23:17:47,0.9,19.8
2025-04-28,23:17:57,2.1,20.1
2025-04-28,23:18:07,2.4,21.0
2025-04-28,23:18:17,5.8,20.6
2025-04-28,23:18:27,3.6,20.0
2025-04-28,23:18:37,3.6,20.7
2025-04-28,23:18:47,5.6,20.6
2025-04-28,23:18:57,18.4,35.4
2025-04-28,23:19:07,42.9,29.5
2025-04-28,23:19:17,18.5,20.0
2025-04-28,23:19:27,7.8,20.8
2025-04-28,23:19:37,1.7,20.5
2025-04-28,23:19:47,1.7,20.0
2025-04-28,23:19:57,4.1,21.0
2025-04-28,23:20:07,4.1,20.8
2025-04-28,23:20:17,3.6,20.1
2025-04-28,23:20:27,4.7,20.1
2025-04-28,23:20:37,4.5,20.7
2025-04-28,23:20:47,2.4,20.0
2025-04-28,23:20:57,3.6,20.1
2025-04-28,23:21:07,0.8,19.8
2025-04-28,23:21:17,0.5,19.7
2025-04-28,23:21:27,0.6,19.5
2025-04-28,23:21:37,0.5,19.4
2025-04-28,23:21:47,0.5,19.4
2025-04-28,23:21:57,0.5,19.4
2025-04-28,23:22:07,0.6,19.2
2025-04-28,23:22:17,0.5,19.2
2025-04-28,23:22:27,0.5,19.2
2025-04-28,23:22:37,0.4,19.2
2025-04-28,23:22:47,2.3,20.6
2025-04-28,23:22:57,2.6,20.0
2025-04-28,23:23:07,1.1,19.5
2025-04-28,23:23:17,4.7,20.5
2025-04-28,23:23:27,7.4,20.1
2025-04-28,23:23:37,3.5,20.7
2025-04-28,23:23:47,4.7,20.2
2025-04-28,23:23:57,4.7,20.6
2025-04-28,23:24:07,2.3,20.1
2025-04-28,23:24:17,3.8,20.5
2025-04-28,23:24:27,5.7,19.6
2025-04-28,23:24:37,8.7,31.1
2025-04-28,23:24:47,14.9,19.2
2025-04-28,23:24:57,6.6,18.7
2025-04-28,23:25:07,6.1,20.4
2025-04-28,23:25:17,4.8,20.5
2025-04-28,23:25:27,1.9,20.1
2025-04-28,23:25:37,4.2,20.6
2025-04-28,23:25:47,4.1,20.7
2025-04-28,23:25:57,23.2,31.0
2025-04-28,23:26:07,15.6,20.2
2025-04-28,23:26:17,1.6,19.9
2025-04-28,23:26:27,2.4,19.2
2025-04-28,23:26:37,0.6,19.2
2025-04-28,23:26:47,0.6,19.2
2025-04-28,23:26:57,4.4,19.2
2025-04-28,23:27:07,1.2,19.2
2025-04-28,23:27:17,1.8,19.2
2025-04-28,23:27:27,1.2,19.2
2025-04-28,23:27:37,1.8,19.2
2025-04-28,23:27:47,3.7,19.2
2025-04-28,23:27:57,8.2,18.9
2025-04-28,23:28:07,7.6,21.3
2025-04-28,23:28:17,3.7,20.4
2025-04-28,23:28:27,3.4,20.3
2025-04-28,23:28:37,1.3,20.0
2025-04-28,23:28:47,3.6,20.1
2025-04-28,23:28:57,3.4,20.3
2025-04-28,23:29:07,2.1,20.3
2025-04-28,23:29:17,2.7,20.2
2025-04-28,23:29:27,2.5,20.7
2025-04-28,23:29:37,2.8,20.2
2025-04-28,23:29:47,3.6,20.1
2025-04-28,23:29:57,6.1,20.3
2025-04-28,23:30:07,12.3,48.1
2025-04-28,23:30:17,25.3,71.0
2025-04-28,23:30:27,1.9,21.2
2025-04-28,23:30:37,0.6,20.7
2025-04-28,23:30:47,1.1,20.7
2025-04-28,23:30:57,5.3,20.7
2025-04-28,23:31:07,6.7,22.4
2025-04-28,23:31:17,3.6,21.4
2025-04-28,23:31:27,16.1,74.0
2025-04-28,23:31:37,26.7,75.4
2025-04-28,23:31:47,1.1,20.7
2025-04-28,23:31:57,2.9,20.2
2025-04-28,23:32:07,39.3,76.0
2025-04-28,23:32:17,16.3,20.0
2025-04-28,23:32:27,5.2,18.9
2025-04-28,23:32:37,5.1,19.8
2025-04-28,23:32:47,4.3,19.7
2025-04-28,23:32:57,1.2,19.5
2025-04-28,23:33:07,1.8,19.5
2025-04-28,23:33:17,1.6,19.2
2025-04-28,23:33:27,1.3,19.2
2025-04-28,23:33:37,4.0,18.2
2025-04-28,23:33:47,6.3,20.5
2025-04-28,23:33:57,2.5,20.2
2025-04-28,23:34:07,1.6,19.9
2025-04-28,23:34:17,1.7,20.1
2025-04-28,23:34:27,7.3,20.5
2025-04-28,23:34:37,2.8,18.8
2025-04-28,23:34:47,8.9,21.2
2025-04-28,23:34:57,7.7,20.7
2025-04-28,23:35:07,5.4,20.7
2025-04-28,23:35:17,3.5,20.7
2025-04-28,23:35:27,3.4,20.2
2025-04-28,23:35:37,1.9,20.6
2025-04-28,23:35:47,5.7,20.4
2025-04-28,23:35:57,4.9,20.1
2025-04-28,23:36:07,2.6,20.0
2025-04-28,23:36:17,4.0,20.2
2025-04-28,23:36:27,3.8,20.2
2025-04-28,23:36:37,4.4,20.6
2025-04-28,23:36:47,1.5,19.4
2025-04-28,23:36:57,0.7,18.8
2025-04-28,23:37:07,0.6,18.8
2025-04-28,23:37:17,0.7,18.8
2025-04-28,23:37:27,0.6,18.8
2025-04-28,23:37:37,0.9,18.8
2025-04-28,23:37:47,1.3,18.6
2025-04-28,23:37:57,1.2,18.6
2025-04-28,23:38:07,2.0,18.7
2025-04-28,23:38:17,1.9,18.7
2025-04-28,23:38:27,5.4,20.0
2025-04-28,23:38:37,1.5,19.7
2025-04-28,23:38:47,2.2,20.0
2025-04-28,23:38:57,2.8,20.0
2025-04-28,23:39:07,1.8,20.3
2025-04-28,23:39:17,3.4,20.3
2025-04-28,23:39:27,3.8,19.0
2025-04-28,23:39:37,80.7,72.6
2025-04-28,23:39:47,29.0,29.6
2025-04-28,23:39:57,3.1,19.6
2025-04-28,23:40:07,2.1,18.9
2025-04-28,23:40:17,2.4,18.9
2025-04-28,23:40:27,3.7,18.9
2025-04-28,23:40:37,1.5,18.9
2025-04-28,23:40:47,1.8,18.9
2025-04-28,23:40:57,1.5,18.9
2025-04-28,23:41:07,0.7,18.9
2025-04-28,23:41:17,7.1,18.9
2025-04-28,23:41:27,10.6,20.8
2025-04-28,23:41:37,2.5,20.2
2025-04-28,23:41:47,0.9,19.8
2025-04-28,23:41:57,0.5,19.8
2025-04-28,23:42:07,0.5,19.3
2025-04-28,23:42:17,0.5,19.2
2025-04-28,23:42:27,0.6,19.2
2025-04-28,23:42:37,0.5,19.2
2025-04-28,23:42:47,0.5,19.2
2025-04-28,23:42:57,0.6,19.2
2025-04-28,23:43:07,1.3,20.4
2025-04-28,23:43:17,3.2,20.2
2025-04-28,23:43:27,3.5,20.3
2025-04-28,23:43:37,3.7,20.6
2025-04-28,23:43:47,2.8,20.3
2025-04-28,23:43:57,3.9,20.3
2025-04-28,23:44:07,1.7,20.4
2025-04-28,23:44:17,3.5,19.9
2025-04-28,23:44:27,3.2,20.1
2025-04-28,23:44:37,1.8,20.0
2025-04-28,23:44:47,1.7,19.9
2025-04-28,23:44:57,5.0,20.6
2025-04-28,23:45:07,2.5,20.0
2025-04-28,23:45:17,2.4,20.4
2025-04-28,23:45:27,2.6,20.4
2025-04-28,23:45:37,2.1,20.5
2025-04-28,23:45:47,2.1,20.6
2025-04-28,23:45:57,1.6,20.0
2025-04-28,23:46:07,3.1,20.6
2025-04-28,23:46:17,5.3,20.5
2025-04-28,23:46:27,31.9,26.1
2025-04-28,23:46:37,37.1,21.4
2025-04-28,23:46:47,3.9,20.6
2025-04-28,23:46:57,8.3,20.8
2025-04-28,23:47:07,14.6,31.3
2025-04-28,23:47:17,16.5,27.4
2025-04-28,23:47:27,41.9,26.2
2025-04-28,23:47:37,46.1,19.9
2025-04-28,23:47:47,1.7,19.6
2025-04-28,23:47:57,3.1,19.6
2025-04-28,23:48:07,2.1,19.2
2025-04-28,23:48:17,1.0,19.2
2025-04-28,23:48:27,1.8,19.2
2025-04-28,23:48:37,2.6,19.2
2025-04-28,23:48:47,1.3,19.2
2025-04-28,23:48:57,2.2,19.2
2025-04-28,23:49:07,0.9,19.2
2025-04-28,23:49:17,0.8,19.2
2025-04-28,23:49:27,2.8,19.2
2025-04-28,23:49:37,1.8,19.2
2025-04-28,23:49:47,1.1,19.2
2025-04-28,23:49:57,3.7,19.2
2025-04-28,23:50:07,2.6,19.2
2025-04-28,23:50:17,1.4,19.2
2025-04-28,23:50:27,2.3,19.2
2025-04-28,23:50:37,0.7,19.2
2025-04-28,23:50:47,1.2,19.2
2025-04-28,23:50:57,2.5,19.2
2025-04-28,23:51:07,1.6,19.2
2025-04-28,23:51:17,1.4,19.2
2025-04-28,23:51:27,0.8,19.2
2025-04-28,23:51:37,4.6,19.2
2025-04-28,23:51:47,3.4,18.5
2025-04-28,23:51:57,6.4,20.9
2025-04-28,23:52:07,2.4,20.8
2025-04-28,23:52:17,2.1,20.1
2025-04-28,23:52:27,3.2,20.5
2025-04-28,23:52:37,4.0,20.0
2025-04-28,23:52:47,6.5,20.6
2025-04-28,23:52:57,12.2,54.0
2025-04-28,23:53:07,20.3,81.2
2025-04-28,23:53:17,1.5,19.6
2025-04-28,23:53:27,1.2,19.5
2025-04-28,23:53:37,1.7,19.5
2025-04-28,23:53:47,1.6,18.7
2025-04-28,23:53:57,2.6,18.6
2025-04-28,23:54:07,3.6,18.9
2025-04-28,23:54:17,26.3,83.7
2025-04-28,23:54:27,28.1,30.7
2025-04-28,23:54:37,22.2,19.5
2025-04-28,23:54:47,1.2,19.0
2025-04-28,23:54:57,1.4,19.0
2025-04-28,23:55:07,0.9,19.0
2025-04-28,23:55:17,1.6,19.3
2025-04-28,23:55:27,2.8,19.2
2025-04-28,23:55:37,2.2,19.2
2025-04-28,23:55:47,2.0,19.2
2025-04-28,23:55:57,1.2,19.2
2025-04-28,23:56:07,1.2,19.2
2025-04-28,23:56:17,1.5,19.2
2025-04-28,23:56:27,3.0,19.3
2025-04-28,23:56:37,92.3,28.3
2025-04-28,23:56:47,40.1,27.0
2025-04-28,23:56:57,67.1,29.3
2025-04-28,23:57:07,42.2,76.9
2025-04-28,23:57:17,48.0,29.5
2025-04-28,23:57:27,81.4,25.0
2025-04-28,23:57:38,80.2,63.0
2025-04-28,23:57:48,22.3,89.7
2025-04-28,23:57:58,22.1,29.9
2025-04-28,23:58:08,64.2,28.3
2025-04-28,23:58:18,76.2,77.2
2025-04-28,23:58:28,32.0,20.2
2025-04-28,23:58:38,80.7,29.0
2025-04-28,23:58:48,86.7,76.8
2025-04-28,23:58:58,20.2,19.7
2025-04-28,23:59:08,8.7,20.7
2025-04-28,23:59:18,1.5,20.0
2025-04-28,23:59:28,1.9,19.6
2025-04-28,23:59:38,2.8,19.5
2025-04-28,23:59:48,1.1,19.7
2025-04-28,23:59:58,2.6,20.3
2025-04-29,00:00:08,4.8,20.3
2025-04-29,00:00:18,1.3,19.7
2025-04-29,00:00:28,1.7,19.5
2025-04-29,00:00:38,1.2,19.3
2025-04-29,00:00:48,1.8,19.5
2025-04-29,00:00:58,2.8,19.4
2025-04-29,00:01:08,5.3,19.8
2025-04-29,00:01:18,1.8,20.2
2025-04-29,00:01:28,1.7,19.6
2025-04-29,00:01:38,7.1,20.0
2025-04-29,00:01:48,13.5,27.9
2025-04-29,00:01:58,19.9,28.1
2025-04-29,00:02:08,21.2,25.7
2025-04-29,00:02:18,35.3,61.0
2025-04-29,00:02:28,57.1,21.0
2025-04-29,00:02:38,32.5,65.4
2025-04-29,00:02:48,60.1,28.3
2025-04-29,00:02:58,81.8,24.7
2025-04-29,00:03:08,89.9,24.9
2025-04-29,00:03:18,70.3,28.2
2025-04-29,00:03:28,33.4,72.3
2025-04-29,00:03:38,24.7,26.2
2025-04-29,00:03:48,68.2,24.8
2025-04-29,00:03:58,84.3,58.9
2025-04-29,00:04:08,21.0,65.2
2025-04-29,00:04:18,36.2,24.8
2025-04-29,00:04:28,16.7,28.9
2025-04-29,00:04:38,81.0,28.4
2025-04-29,00:04:48,30.0,22.2
2025-04-29,00:04:58,3.8,20.2
2025-04-29,00:05:08,3.2,19.3
2025-04-29,00:05:18,1.5,19.3
2025-04-29,00:05:28,1.5,19.2
2025-04-29,00:05:38,1.4,19.2
2025-04-29,00:05:48,1.3,19.2
2025-04-29,00:05:58,1.3,19.2
2025-04-29,00:06:08,1.7,19.2
2025-04-29,00:06:18,1.2,19.2
2025-04-29,00:06:28,1.2,19.2
2025-04-29,00:06:38,1.5,19.2
2025-04-29,00:06:48,1.2,19.2
2025-04-29,00:06:58,1.4,19.2
2025-04-29,00:07:08,1.4,19.2
2025-04-29,00:07:18,1.3,19.2
2025-04-29,00:07:28,1.5,19.2
2025-04-29,00:07:38,1.3,19.2
2025-04-29,00:07:48,1.5,19.2
2025-04-29,00:07:58,1.4,19.2
2025-04-29,00:08:08,1.4,19.2
2025-04-29,00:08:18,1.2,19.2
2025-04-29,00:08:28,1.7,19.2
2025-04-29,00:08:38,1.0,19.2
2025-04-29,00:08:48,1.6,19.2
2025-04-29,00:08:58,1.0,19.2
2025-04-29,00:09:08,1.6,19.2
2025-04-29,00:09:18,1.5,19.2
2025-04-29,00:09:28,1.3,19.2
2025-04-29,00:09:38,1.2,19.2
2025-04-29,00:09:48,1.7,19.2
2025-04-29,00:09:58,1.2,19.2
2025-04-29,00:10:08,1.8,19.2
2025-04-29,00:10:18,3.7,19.1
2025-04-29,00:10:28,7.9,22.6
2025-04-29,00:10:38,3.6,21.2
2025-04-29,00:10:48,2.7,21.5
2025-04-29,00:10:58,3.1,21.0
2025-04-29,00:11:08,2.8,21.3
2025-04-29,00:11:18,3.5,21.5
2025-04-29,00:11:28,6.8,20.8
2025-04-29,00:11:38,37.7,28.3
2025-04-29,00:11:48,20.8,26.7
2025-04-29,00:11:58,24.9,74.5
2025-04-29,00:12:08,8.6,20.2
2025-04-29,00:12:18,10.0,21.4
2025-04-29,00:12:28,5.8,21.9
2025-04-29,00:12:38,2.2,21.3
2025-04-29,00:12:48,0.9,20.7
2025-04-29,00:12:58,1.5,21.6
2025-04-29,00:13:08,3.8,21.1
2025-04-29,00:13:18,14.2,28.2
2025-04-29,00:13:28,51.1,28.3
2025-04-29,00:13:38,74.6,71.9
2025-04-29,00:13:48,27.3,21.2
2025-04-29,00:13:58,2.4,20.2
2025-04-29,00:14:08,2.5,20.0
2025-04-29,00:14:18,4.6,21.4
2025-04-29,00:14:28,3.3,21.4
2025-04-29,00:14:38,25.4,75.7
2025-04-29,00:14:48,30.3,51.1
2025-04-29,00:14:58,62.2,66.6
2025-04-29,00:15:08,53.5,24.9
2025-04-29,00:15:18,72.5,26.6
2025-04-29,00:15:28,73.7,24.7
2025-04-29,00:15:38,62.7,73.6
2025-04-29,00:15:48,29.4,28.2
2025-04-29,00:15:58,20.9,62.4
2025-04-29,00:16:08,19.9,28.4
2025-04-29,00:16:18,23.8,66.7
2025-04-29,00:16:28,62.2,64.5
2025-04-29,00:16:38,43.5,26.6
2025-04-29,00:16:48,62.4,28.8
2025-04-29,00:16:58,57.6,25.0
2025-04-29,00:17:08,26.9,24.9
2025-04-29,00:17:18,37.6,31.5
2025-04-29,00:17:28,27.7,32.8
2025-04-29,00:17:38,35.1,71.1
2025-04-29,00:17:48,51.3,29.1
2025-04-29,00:17:58,77.7,66.3
2025-04-29,00:18:08,32.5,29.6
2025-04-29,00:18:18,27.2,68.5
2025-04-29,00:18:28,35.9,64.7
2025-04-29,00:18:38,55.6,21.3
2025-04-29,00:18:48,26.2,67.8
2025-04-29,00:18:58,54.4,26.0
2025-04-29,00:19:08,69.4,28.0
2025-04-29,00:19:18,43.2,27.3
2025-04-29,00:19:28,12.9,21.3
2025-04-29,00:19:38,7.9,20.4
2025-04-29,00:19:48,0.9,20.1
2025-04-29,00:19:58,5.9,21.6
2025-04-29,00:20:08,2.4,20.2
2025-04-29,00:20:18,0.7,19.5
2025-04-29,00:20:28,4.8,20.1
2025-04-29,00:20:38,26.1,27.4
2025-04-29,00:20:48,4.1,26.4
2025-04-29,00:20:58,14.4,25.6
2025-04-29,00:21:08,31.4,25.8
2025-04-29,00:21:18,22.5,25.8
2025-04-29,00:21:28,6.5,20.3
2025-04-29,00:21:38,23.2,26.0
2025-04-29,00:21:48,47.5,31.9
2025-04-29,00:21:58,30.5,31.0
2025-04-29,00:22:08,12.4,30.4
2025-04-29,00:22:18,27.3,29.2
2025-04-29,00:22:28,90.0,33.9
2025-04-29,00:22:38,91.3,37.3
2025-04-29,00:22:48,64.5,42.2
2025-04-29,00:22:58,22.9,38.9
2025-04-29,00:23:08,47.2,41.1
2025-04-29,00:23:18,59.2,43.5
2025-04-29,00:23:28,33.5,42.6
2025-04-29,00:23:38,13.5,41.4
2025-04-29,00:23:48,24.6,42.2
2025-04-29,00:23:58,25.0,41.3
2025-04-29,00:24:08,8.7,40.9
2025-04-29,00:24:18,9.6,39.1
2025-04-29,00:24:28,3.6,38.7
2025-04-29,00:24:38,2.8,38.8
2025-04-29,00:24:48,29.7,21.4
2025-04-29,00:24:58,0.5,20.8
2025-04-29,00:25:08,0.6,20.1
2025-04-29,00:25:18,0.7,20.1
2025-04-29,00:25:28,0.5,20.1
2025-04-29,00:25:38,0.5,20.1
2025-04-29,00:25:48,1.6,20.1
2025-04-29,00:25:58,0.6,20.1
2025-04-29,00:26:08,0.7,20.1
2025-04-29,00:26:18,0.6,20.2
2025-04-29,00:26:28,0.5,20.2
2025-04-29,00:26:38,0.5,20.2
2025-04-29,00:26:48,0.6,20.2
2025-04-29,00:26:58,0.6,20.2
2025-04-29,00:27:08,0.6,20.1
2025-04-29,00:27:18,3.1,20.2
2025-04-29,00:27:28,3.0,20.1
2025-04-29,00:27:38,2.6,20.5
2025-04-29,00:27:48,0.4,20.4
2025-04-29,00:27:58,0.5,20.4
2025-04-29,00:28:08,0.6,20.4
2025-04-29,00:28:18,0.5,20.4
2025-04-29,00:28:28,0.5,20.4
2025-04-29,00:28:38,0.6,20.4
2025-04-29,00:28:48,0.6,20.4
2025-04-29,00:28:58,0.6,20.4
2025-04-29,00:29:08,0.6,20.4
2025-04-29,00:29:18,0.6,20.4
2025-04-29,00:29:28,0.6,20.4
2025-04-29,00:29:38,0.7,20.4
2025-04-29,00:29:48,0.6,20.4
2025-04-29,00:29:58,0.5,20.4
2025-04-29,00:30:08,0.6,20.4
2025-04-29,00:30:18,0.7,20.4
2025-04-29,00:30:28,0.6,20.4
2025-04-29,00:30:38,0.4,20.4
2025-04-29,00:30:48,0.6,20.4
2025-04-29,00:30:58,0.5,20.4
2025-04-29,00:31:08,0.6,20.4
2025-04-29,00:31:18,0.6,20.4
2025-04-29,00:31:28,0.5,20.4
2025-04-29,00:31:38,0.7,20.4
2025-04-29,00:31:48,0.7,20.4
2025-04-29,00:31:58,0.5,20.4
2025-04-29,00:32:08,0.6,20.4
2025-04-29,00:32:18,0.6,20.4
2025-04-29,00:32:28,0.7,20.4
2025-04-29,00:32:38,0.5,20.4
2025-04-29,00:32:48,0.6,20.4
2025-04-29,00:32:58,0.6,20.4
2025-04-29,00:33:08,0.6,20.4
2025-04-29,00:33:18,0.6,20.4
2025-04-29,00:33:28,0.6,20.4
2025-04-29,00:33:38,0.6,20.4
2025-04-29,00:33:48,0.5,20.4
2025-04-29,00:33:58,0.5,20.4
2025-04-29,00:34:08,0.6,20.4
2025-04-29,00:34:18,0.6,20.4
2025-04-29,00:34:28,0.6,20.4
2025-04-29,00:34:38,0.5,20.4
2025-04-29,00:34:48,0.6,20.4
2025-04-29,00:34:58,0.5,20.4
2025-04-29,00:35:08,0.6,20.4
2025-04-29,00:35:18,0.6,20.4
2025-04-29,00:35:28,0.7,20.4
2025-04-29,00:35:38,0.5,20.4
2025-04-29,00:35:48,0.6,20.4
2025-04-29,00:35:58,0.6,20.4
2025-04-29,00:36:08,0.6,20.4
2025-04-29,00:36:18,0.5,20.4
2025-04-29,00:36:28,0.6,20.4
2025-04-29,00:36:38,0.7,20.4
2025-04-29,00:36:48,0.5,20.4
2025-04-29,00:36:58,0.6,20.4
2025-04-29,00:37:08,0.5,20.4
2025-04-29,00:37:18,0.5,20.4
2025-04-29,00:37:28,0.7,20.4
2025-04-29,00:37:38,0.6,20.4
2025-04-29,00:37:48,0.6,20.4
2025-04-29,00:37:58,0.6,20.4
2025-04-29,00:38:08,0.6,20.4
2025-04-29,00:38:18,0.6,20.4
2025-04-29,00:38:28,0.6,20.4
2025-04-29,00:38:38,0.6,20.4
2025-04-29,00:38:48,0.5,20.4
2025-04-29,00:38:58,1.5,20.5
2025-04-29,00:39:08,0.7,20.5
2025-04-29,00:39:18,0.6,20.5
2025-04-29,00:39:28,0.6,20.4
2025-04-29,00:39:38,0.6,20.4
2025-04-29,00:39:48,0.5,20.4
2025-04-29,00:39:58,0.5,20.4
2025-04-29,00:40:08,0.6,20.4
2025-04-29,00:40:18,0.6,20.4
2025-04-29,00:40:28,0.6,20.4
2025-04-29,00:40:38,0.6,20.4
2025-04-29,00:40:48,0.7,20.4
2025-04-29,00:40:58,0.7,20.4
2025-04-29,00:41:08,0.6,20.4
2025-04-29,00:41:18,0.5,20.4
2025-04-29,00:41:28,0.5,20.4
2025-04-29,00:41:38,0.5,20.4
2025-04-29,00:41:48,0.5,20.4
2025-04-29,00:41:58,0.5,20.4
2025-04-29,00:42:08,0.6,20.4
2025-04-29,00:42:18,1.9,20.0
